--------------------------------------------------------
--  파일이 생성됨 - 목요일-4월-02-2020   
--------------------------------------------------------
--------------------------------------------------------
--  DDL for Sequence AUTHORITY_MANAGE_SEQ
--------------------------------------------------------

   CREATE SEQUENCE  "GN"."AUTHORITY_MANAGE_SEQ"  MINVALUE 1 MAXVALUE 9999999999999999999999999999 INCREMENT BY 1 START WITH 81 CACHE 20 NOORDER  NOCYCLE ;
--------------------------------------------------------
--  DDL for Sequence MP_BOARD_SEQ
--------------------------------------------------------

   CREATE SEQUENCE  "GN"."MP_BOARD_SEQ"  MINVALUE 0 MAXVALUE 9999999999999999999999999999 INCREMENT BY 1 START WITH 80 CACHE 20 NOORDER  NOCYCLE ;
--------------------------------------------------------
--  DDL for Sequence MP_REPLY_SEQ
--------------------------------------------------------

   CREATE SEQUENCE  "GN"."MP_REPLY_SEQ"  MINVALUE 0 MAXVALUE 9999999999999999999999999999 INCREMENT BY 1 START WITH 41 CACHE 20 NOORDER  NOCYCLE ;
--------------------------------------------------------
--  DDL for Sequence NOTICE_MANAGE_SEQ
--------------------------------------------------------

   CREATE SEQUENCE  "GN"."NOTICE_MANAGE_SEQ"  MINVALUE 1 MAXVALUE 9999999999999999999999999999 INCREMENT BY 1 START WITH 81 CACHE 20 NOORDER  NOCYCLE ;
--------------------------------------------------------
--  DDL for Sequence SEQ_MP_FILE_NO
--------------------------------------------------------

   CREATE SEQUENCE  "GN"."SEQ_MP_FILE_NO"  MINVALUE 1 MAXVALUE 9999999999999999999999999999 INCREMENT BY 1 START WITH 16 NOCACHE  NOORDER  NOCYCLE ;
--------------------------------------------------------
--  DDL for Table ADMIN_MANAGE
--------------------------------------------------------

  CREATE TABLE "GN"."ADMIN_MANAGE" 
   (	"ADMIN_ID" VARCHAR2(50 BYTE), 
	"ADMIN_NAME" VARCHAR2(30 BYTE), 
	"ADMIN_PWD" VARCHAR2(100 BYTE), 
	"ADMIN_EMAIL" VARCHAR2(100 BYTE), 
	"ADMIN_PHONE" VARCHAR2(50 BYTE), 
	"USE_YN" VARCHAR2(3 BYTE), 
	"GROUP_NAME" VARCHAR2(50 BYTE), 
	"ADMIN_WRITER" VARCHAR2(30 BYTE), 
	"ADMIN_REGDATE" DATE, 
	"ADMIN_MFWRITER" VARCHAR2(30 BYTE), 
	"ADMIN_MODIFYDATE" DATE, 
	"GROUP_NO" NUMBER, 
	"EMERGENCY_CONTACT" VARCHAR2(20 BYTE)
   ) SEGMENT CREATION IMMEDIATE 
  PCTFREE 10 PCTUSED 40 INITRANS 1 MAXTRANS 255 NOCOMPRESS LOGGING
  STORAGE(INITIAL 65536 NEXT 1048576 MINEXTENTS 1 MAXEXTENTS 2147483645
  PCTINCREASE 0 FREELISTS 1 FREELIST GROUPS 1 BUFFER_POOL DEFAULT FLASH_CACHE DEFAULT CELL_FLASH_CACHE DEFAULT)
  TABLESPACE "USERS" ;
 

   COMMENT ON COLUMN "GN"."ADMIN_MANAGE"."ADMIN_ID" IS '관리자아이디';
 
   COMMENT ON COLUMN "GN"."ADMIN_MANAGE"."ADMIN_NAME" IS '관리자이름';
 
   COMMENT ON COLUMN "GN"."ADMIN_MANAGE"."ADMIN_PWD" IS '암호';
 
   COMMENT ON COLUMN "GN"."ADMIN_MANAGE"."ADMIN_EMAIL" IS '이메일';
 
   COMMENT ON COLUMN "GN"."ADMIN_MANAGE"."ADMIN_PHONE" IS '연락처';
 
   COMMENT ON COLUMN "GN"."ADMIN_MANAGE"."USE_YN" IS '사용여부';
 
   COMMENT ON COLUMN "GN"."ADMIN_MANAGE"."GROUP_NAME" IS '그룹명';
 
   COMMENT ON COLUMN "GN"."ADMIN_MANAGE"."ADMIN_WRITER" IS '등록자';
 
   COMMENT ON COLUMN "GN"."ADMIN_MANAGE"."ADMIN_REGDATE" IS '등록일';
 
   COMMENT ON COLUMN "GN"."ADMIN_MANAGE"."ADMIN_MFWRITER" IS '수정자';
 
   COMMENT ON COLUMN "GN"."ADMIN_MANAGE"."ADMIN_MODIFYDATE" IS '수정일';
 
   COMMENT ON COLUMN "GN"."ADMIN_MANAGE"."GROUP_NO" IS '그룹번호';
 
   COMMENT ON COLUMN "GN"."ADMIN_MANAGE"."EMERGENCY_CONTACT" IS '비상연락처';
 
   COMMENT ON TABLE "GN"."ADMIN_MANAGE"  IS '관리자 계정 관리';
--------------------------------------------------------
--  DDL for Table AUTHORITY_MANAGE
--------------------------------------------------------

  CREATE TABLE "GN"."AUTHORITY_MANAGE" 
   (	"GROUP_NAME" VARCHAR2(50 BYTE), 
	"GROUP_EXPLAIN" VARCHAR2(1000 BYTE), 
	"FIRST_SCREEN" VARCHAR2(50 BYTE), 
	"AUTH_WRITER" VARCHAR2(30 BYTE), 
	"AUTH_REGDATE" DATE, 
	"AUTH_MFWRITER" VARCHAR2(30 BYTE), 
	"AUTH_MODIFYDATE" DATE, 
	"GROUP_NO" NUMBER, 
	"FIRST_SCREEN_CODE" NUMBER(10,0)
   ) SEGMENT CREATION IMMEDIATE 
  PCTFREE 10 PCTUSED 40 INITRANS 1 MAXTRANS 255 NOCOMPRESS LOGGING
  STORAGE(INITIAL 65536 NEXT 1048576 MINEXTENTS 1 MAXEXTENTS 2147483645
  PCTINCREASE 0 FREELISTS 1 FREELIST GROUPS 1 BUFFER_POOL DEFAULT FLASH_CACHE DEFAULT CELL_FLASH_CACHE DEFAULT)
  TABLESPACE "USERS" ;
 

   COMMENT ON COLUMN "GN"."AUTHORITY_MANAGE"."GROUP_NAME" IS '그룹명';
 
   COMMENT ON COLUMN "GN"."AUTHORITY_MANAGE"."GROUP_EXPLAIN" IS '그룹설명';
 
   COMMENT ON COLUMN "GN"."AUTHORITY_MANAGE"."FIRST_SCREEN" IS '첫화면';
 
   COMMENT ON COLUMN "GN"."AUTHORITY_MANAGE"."AUTH_WRITER" IS '등록자';
 
   COMMENT ON COLUMN "GN"."AUTHORITY_MANAGE"."AUTH_REGDATE" IS '등록일';
 
   COMMENT ON COLUMN "GN"."AUTHORITY_MANAGE"."AUTH_MFWRITER" IS '수정자';
 
   COMMENT ON COLUMN "GN"."AUTHORITY_MANAGE"."AUTH_MODIFYDATE" IS '수정일';
 
   COMMENT ON COLUMN "GN"."AUTHORITY_MANAGE"."GROUP_NO" IS '그룹번호';
 
   COMMENT ON TABLE "GN"."AUTHORITY_MANAGE"  IS '권한 관리';
--------------------------------------------------------
--  DDL for Table MENU_AUTHORITY_MANAGE
--------------------------------------------------------

  CREATE TABLE "GN"."MENU_AUTHORITY_MANAGE" 
   (	"GROUP_NO" NUMBER, 
	"MENU_CODE" NUMBER, 
	"MENU_NAME" VARCHAR2(30 BYTE)
   ) SEGMENT CREATION IMMEDIATE 
  PCTFREE 10 PCTUSED 40 INITRANS 1 MAXTRANS 255 NOCOMPRESS LOGGING
  STORAGE(INITIAL 65536 NEXT 1048576 MINEXTENTS 1 MAXEXTENTS 2147483645
  PCTINCREASE 0 FREELISTS 1 FREELIST GROUPS 1 BUFFER_POOL DEFAULT FLASH_CACHE DEFAULT CELL_FLASH_CACHE DEFAULT)
  TABLESPACE "USERS" ;
 

   COMMENT ON COLUMN "GN"."MENU_AUTHORITY_MANAGE"."GROUP_NO" IS '그룹번호';
 
   COMMENT ON COLUMN "GN"."MENU_AUTHORITY_MANAGE"."MENU_CODE" IS '메뉴코드';
 
   COMMENT ON COLUMN "GN"."MENU_AUTHORITY_MANAGE"."MENU_NAME" IS '메뉴명';
 
   COMMENT ON TABLE "GN"."MENU_AUTHORITY_MANAGE"  IS '메뉴 권한 관리';
--------------------------------------------------------
--  DDL for Table MENU_MANAGE
--------------------------------------------------------

  CREATE TABLE "GN"."MENU_MANAGE" 
   (	"MENU_CODE" NUMBER, 
	"UPPER_MENU_CODE" VARCHAR2(10 BYTE), 
	"MENU_NAME" VARCHAR2(50 BYTE), 
	"MENU_EXPLAIN" VARCHAR2(1000 BYTE), 
	"USE_YN" VARCHAR2(3 BYTE)
   ) SEGMENT CREATION IMMEDIATE 
  PCTFREE 10 PCTUSED 40 INITRANS 1 MAXTRANS 255 NOCOMPRESS LOGGING
  STORAGE(INITIAL 65536 NEXT 1048576 MINEXTENTS 1 MAXEXTENTS 2147483645
  PCTINCREASE 0 FREELISTS 1 FREELIST GROUPS 1 BUFFER_POOL DEFAULT FLASH_CACHE DEFAULT CELL_FLASH_CACHE DEFAULT)
  TABLESPACE "USERS" ;
 

   COMMENT ON COLUMN "GN"."MENU_MANAGE"."MENU_CODE" IS '메뉴 코드';
 
   COMMENT ON COLUMN "GN"."MENU_MANAGE"."UPPER_MENU_CODE" IS '메뉴부모코드';
 
   COMMENT ON COLUMN "GN"."MENU_MANAGE"."MENU_NAME" IS '메뉴명';
 
   COMMENT ON COLUMN "GN"."MENU_MANAGE"."MENU_EXPLAIN" IS '메뉴설명';
 
   COMMENT ON COLUMN "GN"."MENU_MANAGE"."USE_YN" IS '사용여부';
 
   COMMENT ON TABLE "GN"."MENU_MANAGE"  IS '메뉴 관리';
--------------------------------------------------------
--  DDL for Table MP_BOARD
--------------------------------------------------------

  CREATE TABLE "GN"."MP_BOARD" 
   (	"BNO" NUMBER, 
	"TITLE" VARCHAR2(100 BYTE), 
	"CONTENT" VARCHAR2(2000 BYTE), 
	"WRITER" VARCHAR2(100 BYTE), 
	"REGDATE" DATE DEFAULT SYSDATE, 
	"HIT" NUMBER DEFAULT 0
   ) SEGMENT CREATION IMMEDIATE 
  PCTFREE 10 PCTUSED 40 INITRANS 1 MAXTRANS 255 NOCOMPRESS LOGGING
  STORAGE(INITIAL 65536 NEXT 1048576 MINEXTENTS 1 MAXEXTENTS 2147483645
  PCTINCREASE 0 FREELISTS 1 FREELIST GROUPS 1 BUFFER_POOL DEFAULT FLASH_CACHE DEFAULT CELL_FLASH_CACHE DEFAULT)
  TABLESPACE "USERS" ;
--------------------------------------------------------
--  DDL for Table MP_FILE
--------------------------------------------------------

  CREATE TABLE "GN"."MP_FILE" 
   (	"FILE_NO" NUMBER, 
	"BNO" NUMBER, 
	"ORG_FILE_NAME" VARCHAR2(260 BYTE), 
	"STORED_FILE_NAME" VARCHAR2(36 BYTE), 
	"FILE_SIZE" NUMBER, 
	"REGDATE" DATE DEFAULT SYSDATE, 
	"DEL_GB" VARCHAR2(1 BYTE) DEFAULT 'N'
   ) SEGMENT CREATION IMMEDIATE 
  PCTFREE 10 PCTUSED 40 INITRANS 1 MAXTRANS 255 NOCOMPRESS LOGGING
  STORAGE(INITIAL 65536 NEXT 1048576 MINEXTENTS 1 MAXEXTENTS 2147483645
  PCTINCREASE 0 FREELISTS 1 FREELIST GROUPS 1 BUFFER_POOL DEFAULT FLASH_CACHE DEFAULT CELL_FLASH_CACHE DEFAULT)
  TABLESPACE "USERS" ;
--------------------------------------------------------
--  DDL for Table MP_MEMBER
--------------------------------------------------------

  CREATE TABLE "GN"."MP_MEMBER" 
   (	"USERID" VARCHAR2(40 BYTE), 
	"USERPASS" VARCHAR2(100 BYTE), 
	"USERNAME" VARCHAR2(40 BYTE), 
	"REGDATE" DATE DEFAULT SYSDATE
   ) SEGMENT CREATION IMMEDIATE 
  PCTFREE 10 PCTUSED 40 INITRANS 1 MAXTRANS 255 NOCOMPRESS LOGGING
  STORAGE(INITIAL 65536 NEXT 1048576 MINEXTENTS 1 MAXEXTENTS 2147483645
  PCTINCREASE 0 FREELISTS 1 FREELIST GROUPS 1 BUFFER_POOL DEFAULT FLASH_CACHE DEFAULT CELL_FLASH_CACHE DEFAULT)
  TABLESPACE "USERS" ;
--------------------------------------------------------
--  DDL for Table MP_REPLY
--------------------------------------------------------

  CREATE TABLE "GN"."MP_REPLY" 
   (	"BNO" NUMBER, 
	"RNO" NUMBER, 
	"CONTENT" VARCHAR2(1000 BYTE), 
	"WRITER" VARCHAR2(50 BYTE), 
	"REGDATE" DATE DEFAULT sysdate
   ) SEGMENT CREATION IMMEDIATE 
  PCTFREE 10 PCTUSED 40 INITRANS 1 MAXTRANS 255 NOCOMPRESS LOGGING
  STORAGE(INITIAL 65536 NEXT 1048576 MINEXTENTS 1 MAXEXTENTS 2147483645
  PCTINCREASE 0 FREELISTS 1 FREELIST GROUPS 1 BUFFER_POOL DEFAULT FLASH_CACHE DEFAULT CELL_FLASH_CACHE DEFAULT)
  TABLESPACE "USERS" ;
--------------------------------------------------------
--  DDL for Table NOTICE_MANAGE
--------------------------------------------------------

  CREATE TABLE "GN"."NOTICE_MANAGE" 
   (	"NOTICE_NO" NUMBER, 
	"NOTICE_TITLE" VARCHAR2(1000 BYTE), 
	"NOTICE_WRITER" VARCHAR2(30 BYTE), 
	"NOTICE_REGDATE" DATE, 
	"NOTICE_MODIFYDATE" DATE, 
	"NOTICE_CONTENT" VARCHAR2(4000 BYTE), 
	"MENU_CODE" NUMBER, 
	"NOTICE_MDWRITER" VARCHAR2(30 BYTE)
   ) SEGMENT CREATION IMMEDIATE 
  PCTFREE 10 PCTUSED 40 INITRANS 1 MAXTRANS 255 NOCOMPRESS LOGGING
  STORAGE(INITIAL 65536 NEXT 1048576 MINEXTENTS 1 MAXEXTENTS 2147483645
  PCTINCREASE 0 FREELISTS 1 FREELIST GROUPS 1 BUFFER_POOL DEFAULT FLASH_CACHE DEFAULT CELL_FLASH_CACHE DEFAULT)
  TABLESPACE "USERS" ;
 

   COMMENT ON COLUMN "GN"."NOTICE_MANAGE"."NOTICE_NO" IS '공지사항번호';
 
   COMMENT ON COLUMN "GN"."NOTICE_MANAGE"."NOTICE_TITLE" IS '공지사항 제목';
 
   COMMENT ON COLUMN "GN"."NOTICE_MANAGE"."NOTICE_WRITER" IS '공지사항 등록자';
 
   COMMENT ON COLUMN "GN"."NOTICE_MANAGE"."NOTICE_REGDATE" IS '공지사항 등록일';
 
   COMMENT ON COLUMN "GN"."NOTICE_MANAGE"."NOTICE_MODIFYDATE" IS '공지사항 수정일';
 
   COMMENT ON COLUMN "GN"."NOTICE_MANAGE"."NOTICE_CONTENT" IS '공지사항 내용';
 
   COMMENT ON COLUMN "GN"."NOTICE_MANAGE"."MENU_CODE" IS '메뉴코드';
 
   COMMENT ON COLUMN "GN"."NOTICE_MANAGE"."NOTICE_MDWRITER" IS '공지사항 수정자';
 
   COMMENT ON TABLE "GN"."NOTICE_MANAGE"  IS '공지사항 관리';
REM INSERTING into GN.ADMIN_MANAGE
SET DEFINE OFF;
Insert into GN.ADMIN_MANAGE (ADMIN_ID,ADMIN_NAME,ADMIN_PWD,ADMIN_EMAIL,ADMIN_PHONE,USE_YN,GROUP_NAME,ADMIN_WRITER,ADMIN_REGDATE,ADMIN_MFWRITER,ADMIN_MODIFYDATE,GROUP_NO,EMERGENCY_CONTACT) values ('YJ','김영진','1234','stage011@naver.com','010-1231-1231','Y','ADMIN','ADMIN',to_date('20/02/05','RR/MM/DD'),null,null,5,null);
Insert into GN.ADMIN_MANAGE (ADMIN_ID,ADMIN_NAME,ADMIN_PWD,ADMIN_EMAIL,ADMIN_PHONE,USE_YN,GROUP_NAME,ADMIN_WRITER,ADMIN_REGDATE,ADMIN_MFWRITER,ADMIN_MODIFYDATE,GROUP_NO,EMERGENCY_CONTACT) values ('MH','이명훈','1234','aaaaa@naver.com','010-3333-1231','Y','게시판담당','ADMIN',to_date('20/02/05','RR/MM/DD'),null,null,6,null);
Insert into GN.ADMIN_MANAGE (ADMIN_ID,ADMIN_NAME,ADMIN_PWD,ADMIN_EMAIL,ADMIN_PHONE,USE_YN,GROUP_NAME,ADMIN_WRITER,ADMIN_REGDATE,ADMIN_MFWRITER,ADMIN_MODIFYDATE,GROUP_NO,EMERGENCY_CONTACT) values ('KimMJ','김미자','1234','KimMJ@gnsoft.com','010-1234-5678','Y','테스트','관리자',to_date('20/03/17','RR/MM/DD'),null,null,46,'042-123-4567');
REM INSERTING into GN.AUTHORITY_MANAGE
SET DEFINE OFF;
Insert into GN.AUTHORITY_MANAGE (GROUP_NAME,GROUP_EXPLAIN,FIRST_SCREEN,AUTH_WRITER,AUTH_REGDATE,AUTH_MFWRITER,AUTH_MODIFYDATE,GROUP_NO,FIRST_SCREEN_CODE) values ('ADMIN','총관리자',null,'김영진',to_date('20/02/05','RR/MM/DD'),null,null,5,null);
Insert into GN.AUTHORITY_MANAGE (GROUP_NAME,GROUP_EXPLAIN,FIRST_SCREEN,AUTH_WRITER,AUTH_REGDATE,AUTH_MFWRITER,AUTH_MODIFYDATE,GROUP_NO,FIRST_SCREEN_CODE) values ('게시판담당','게시판관리자',null,'이명훈',to_date('20/02/05','RR/MM/DD'),null,null,6,null);
Insert into GN.AUTHORITY_MANAGE (GROUP_NAME,GROUP_EXPLAIN,FIRST_SCREEN,AUTH_WRITER,AUTH_REGDATE,AUTH_MFWRITER,AUTH_MODIFYDATE,GROUP_NO,FIRST_SCREEN_CODE) values ('질문하는분들3','질문자3','일반 게시판','관리자',to_date('20/02/25','RR/MM/DD'),null,null,48,1001);
Insert into GN.AUTHORITY_MANAGE (GROUP_NAME,GROUP_EXPLAIN,FIRST_SCREEN,AUTH_WRITER,AUTH_REGDATE,AUTH_MFWRITER,AUTH_MODIFYDATE,GROUP_NO,FIRST_SCREEN_CODE) values ('일반 사용자','일반 사용자 그룹','일반 게시판','관리자',to_date('20/02/25','RR/MM/DD'),null,null,44,1001);
Insert into GN.AUTHORITY_MANAGE (GROUP_NAME,GROUP_EXPLAIN,FIRST_SCREEN,AUTH_WRITER,AUTH_REGDATE,AUTH_MFWRITER,AUTH_MODIFYDATE,GROUP_NO,FIRST_SCREEN_CODE) values ('오우야','어우야','질문 게시판','관리자',to_date('20/02/27','RR/MM/DD'),'수정자',to_date('20/02/27','RR/MM/DD'),52,1002);
Insert into GN.AUTHORITY_MANAGE (GROUP_NAME,GROUP_EXPLAIN,FIRST_SCREEN,AUTH_WRITER,AUTH_REGDATE,AUTH_MFWRITER,AUTH_MODIFYDATE,GROUP_NO,FIRST_SCREEN_CODE) values ('관리자','관리자그룹','시스템 관리','이명훈',to_date('20/02/21','RR/MM/DD'),null,null,22,null);
Insert into GN.AUTHORITY_MANAGE (GROUP_NAME,GROUP_EXPLAIN,FIRST_SCREEN,AUTH_WRITER,AUTH_REGDATE,AUTH_MFWRITER,AUTH_MODIFYDATE,GROUP_NO,FIRST_SCREEN_CODE) values ('일반 사용자','일반 사용자 그룹','일반 게시판','관리자',to_date('20/02/25','RR/MM/DD'),null,null,42,1001);
Insert into GN.AUTHORITY_MANAGE (GROUP_NAME,GROUP_EXPLAIN,FIRST_SCREEN,AUTH_WRITER,AUTH_REGDATE,AUTH_MFWRITER,AUTH_MODIFYDATE,GROUP_NO,FIRST_SCREEN_CODE) values ('테스트','테스트','일반 게시판','관리자',to_date('20/02/25','RR/MM/DD'),null,null,45,1001);
Insert into GN.AUTHORITY_MANAGE (GROUP_NAME,GROUP_EXPLAIN,FIRST_SCREEN,AUTH_WRITER,AUTH_REGDATE,AUTH_MFWRITER,AUTH_MODIFYDATE,GROUP_NO,FIRST_SCREEN_CODE) values ('테스트','테스트','일반 게시판','관리자',to_date('20/02/25','RR/MM/DD'),null,null,46,1001);
Insert into GN.AUTHORITY_MANAGE (GROUP_NAME,GROUP_EXPLAIN,FIRST_SCREEN,AUTH_WRITER,AUTH_REGDATE,AUTH_MFWRITER,AUTH_MODIFYDATE,GROUP_NO,FIRST_SCREEN_CODE) values ('질문하는분들','질문자','질문 게시판','관리자',to_date('20/02/25','RR/MM/DD'),null,null,47,1003);
Insert into GN.AUTHORITY_MANAGE (GROUP_NAME,GROUP_EXPLAIN,FIRST_SCREEN,AUTH_WRITER,AUTH_REGDATE,AUTH_MFWRITER,AUTH_MODIFYDATE,GROUP_NO,FIRST_SCREEN_CODE) values ('자유민족','자유다','자유 게시판','관리자',to_date('20/02/25','RR/MM/DD'),null,null,50,1002);
Insert into GN.AUTHORITY_MANAGE (GROUP_NAME,GROUP_EXPLAIN,FIRST_SCREEN,AUTH_WRITER,AUTH_REGDATE,AUTH_MFWRITER,AUTH_MODIFYDATE,GROUP_NO,FIRST_SCREEN_CODE) values ('일반 사용자','일반 사용자 그룹','일반 게시판','관리자',to_date('20/02/25','RR/MM/DD'),null,null,43,1001);
Insert into GN.AUTHORITY_MANAGE (GROUP_NAME,GROUP_EXPLAIN,FIRST_SCREEN,AUTH_WRITER,AUTH_REGDATE,AUTH_MFWRITER,AUTH_MODIFYDATE,GROUP_NO,FIRST_SCREEN_CODE) values ('몇개더만들자','그래야됨','일반 게시판','관리자',to_date('20/03/11','RR/MM/DD'),null,null,61,1001);
REM INSERTING into GN.MENU_AUTHORITY_MANAGE
SET DEFINE OFF;
Insert into GN.MENU_AUTHORITY_MANAGE (GROUP_NO,MENU_CODE,MENU_NAME) values (5,1002,'자유 게시판');
Insert into GN.MENU_AUTHORITY_MANAGE (GROUP_NO,MENU_CODE,MENU_NAME) values (52,1004,'지워야될것2');
Insert into GN.MENU_AUTHORITY_MANAGE (GROUP_NO,MENU_CODE,MENU_NAME) values (52,2001,'리소스 업로드');
Insert into GN.MENU_AUTHORITY_MANAGE (GROUP_NO,MENU_CODE,MENU_NAME) values (22,1001,'일반 게시판');
Insert into GN.MENU_AUTHORITY_MANAGE (GROUP_NO,MENU_CODE,MENU_NAME) values (22,1002,'자유 게시판');
Insert into GN.MENU_AUTHORITY_MANAGE (GROUP_NO,MENU_CODE,MENU_NAME) values (22,1003,'질문 게시판 ');
Insert into GN.MENU_AUTHORITY_MANAGE (GROUP_NO,MENU_CODE,MENU_NAME) values (22,1004,'지워야될것2');
Insert into GN.MENU_AUTHORITY_MANAGE (GROUP_NO,MENU_CODE,MENU_NAME) values (22,2001,'리소스 업로드');
Insert into GN.MENU_AUTHORITY_MANAGE (GROUP_NO,MENU_CODE,MENU_NAME) values (22,2002,'리소스 관리');
Insert into GN.MENU_AUTHORITY_MANAGE (GROUP_NO,MENU_CODE,MENU_NAME) values (22,2003,'배포 관리');
Insert into GN.MENU_AUTHORITY_MANAGE (GROUP_NO,MENU_CODE,MENU_NAME) values (22,2004,'지울것');
Insert into GN.MENU_AUTHORITY_MANAGE (GROUP_NO,MENU_CODE,MENU_NAME) values (22,3001,'삭제할건데');
REM INSERTING into GN.MENU_MANAGE
SET DEFINE OFF;
Insert into GN.MENU_MANAGE (MENU_CODE,UPPER_MENU_CODE,MENU_NAME,MENU_EXPLAIN,USE_YN) values (2000,null,'모바일 관리','모바일 관리','Y');
Insert into GN.MENU_MANAGE (MENU_CODE,UPPER_MENU_CODE,MENU_NAME,MENU_EXPLAIN,USE_YN) values (1000,null,'게시판','게시판','Y');
Insert into GN.MENU_MANAGE (MENU_CODE,UPPER_MENU_CODE,MENU_NAME,MENU_EXPLAIN,USE_YN) values (2001,'2000','리소스 업로드','리소스 업로드','Y');
Insert into GN.MENU_MANAGE (MENU_CODE,UPPER_MENU_CODE,MENU_NAME,MENU_EXPLAIN,USE_YN) values (2002,'2000','리소스 관리','리소스 관리','Y');
Insert into GN.MENU_MANAGE (MENU_CODE,UPPER_MENU_CODE,MENU_NAME,MENU_EXPLAIN,USE_YN) values (2003,'2000','배포 관리','배포 관리','Y');
Insert into GN.MENU_MANAGE (MENU_CODE,UPPER_MENU_CODE,MENU_NAME,MENU_EXPLAIN,USE_YN) values (2004,'2000','지울것','배포 관리','Y');
Insert into GN.MENU_MANAGE (MENU_CODE,UPPER_MENU_CODE,MENU_NAME,MENU_EXPLAIN,USE_YN) values (1004,'1000','지워야될것2','관리','Y');
Insert into GN.MENU_MANAGE (MENU_CODE,UPPER_MENU_CODE,MENU_NAME,MENU_EXPLAIN,USE_YN) values (1001,'1000','일반 게시판','일반게시판','Y');
Insert into GN.MENU_MANAGE (MENU_CODE,UPPER_MENU_CODE,MENU_NAME,MENU_EXPLAIN,USE_YN) values (1002,'1000','자유 게시판','자유게시판','Y');
Insert into GN.MENU_MANAGE (MENU_CODE,UPPER_MENU_CODE,MENU_NAME,MENU_EXPLAIN,USE_YN) values (1003,'1000','질문 게시판 ','질문게시판','Y');
Insert into GN.MENU_MANAGE (MENU_CODE,UPPER_MENU_CODE,MENU_NAME,MENU_EXPLAIN,USE_YN) values (3000,null,'삭제할거임','삭제할예정','Y');
Insert into GN.MENU_MANAGE (MENU_CODE,UPPER_MENU_CODE,MENU_NAME,MENU_EXPLAIN,USE_YN) values (3001,'3000','삭제할건데','어떻게하라고용','N');
REM INSERTING into GN.MP_BOARD
SET DEFINE OFF;
Insert into GN.MP_BOARD (BNO,TITLE,CONTENT,WRITER,REGDATE,HIT) values (30,'sdsd','sdsd','asd',to_date('20/01/22','RR/MM/DD'),1);
Insert into GN.MP_BOARD (BNO,TITLE,CONTENT,WRITER,REGDATE,HIT) values (3,'글제목','글내용','LEEMH1002',to_date('20/01/20','RR/MM/DD'),0);
Insert into GN.MP_BOARD (BNO,TITLE,CONTENT,WRITER,REGDATE,HIT) values (9,'글제목','글내용','LEEMH1002',to_date('20/01/20','RR/MM/DD'),0);
Insert into GN.MP_BOARD (BNO,TITLE,CONTENT,WRITER,REGDATE,HIT) values (10,'작성','내용','작성자',to_date('20/01/20','RR/MM/DD'),0);
Insert into GN.MP_BOARD (BNO,TITLE,CONTENT,WRITER,REGDATE,HIT) values (11,'글제목','글내용','LEEMH1002',to_date('20/01/20','RR/MM/DD'),0);
Insert into GN.MP_BOARD (BNO,TITLE,CONTENT,WRITER,REGDATE,HIT) values (12,'글제목','글내용','LEEMH1002',to_date('20/01/20','RR/MM/DD'),0);
Insert into GN.MP_BOARD (BNO,TITLE,CONTENT,WRITER,REGDATE,HIT) values (13,'작성','내용','작성자',to_date('20/01/20','RR/MM/DD'),0);
Insert into GN.MP_BOARD (BNO,TITLE,CONTENT,WRITER,REGDATE,HIT) values (14,'작성','내용','작성자',to_date('20/01/20','RR/MM/DD'),0);
Insert into GN.MP_BOARD (BNO,TITLE,CONTENT,WRITER,REGDATE,HIT) values (15,'글제목','글내용','LEEMH1002',to_date('20/01/20','RR/MM/DD'),0);
Insert into GN.MP_BOARD (BNO,TITLE,CONTENT,WRITER,REGDATE,HIT) values (16,'글제목','글내용','LEEMH1002',to_date('20/01/20','RR/MM/DD'),0);
Insert into GN.MP_BOARD (BNO,TITLE,CONTENT,WRITER,REGDATE,HIT) values (17,'작성','내용','작성자',to_date('20/01/20','RR/MM/DD'),0);
Insert into GN.MP_BOARD (BNO,TITLE,CONTENT,WRITER,REGDATE,HIT) values (18,'232','1112','LEEMH1002',to_date('20/01/20','RR/MM/DD'),8);
Insert into GN.MP_BOARD (BNO,TITLE,CONTENT,WRITER,REGDATE,HIT) values (19,'글제목','글내용','LEEMH1002',to_date('20/01/20','RR/MM/DD'),0);
Insert into GN.MP_BOARD (BNO,TITLE,CONTENT,WRITER,REGDATE,HIT) values (20,'작성','내용','작성자',to_date('20/01/20','RR/MM/DD'),0);
Insert into GN.MP_BOARD (BNO,TITLE,CONTENT,WRITER,REGDATE,HIT) values (21,'작성','내용','작성자',to_date('20/01/20','RR/MM/DD'),0);
Insert into GN.MP_BOARD (BNO,TITLE,CONTENT,WRITER,REGDATE,HIT) values (22,'작성','내용','작성자',to_date('20/01/20','RR/MM/DD'),0);
Insert into GN.MP_BOARD (BNO,TITLE,CONTENT,WRITER,REGDATE,HIT) values (39,'dfgdfgfdgdfg','dfgdfgd','asd',to_date('20/01/23','RR/MM/DD'),5);
Insert into GN.MP_BOARD (BNO,TITLE,CONTENT,WRITER,REGDATE,HIT) values (41,'dd','dd','asd',to_date('20/02/19','RR/MM/DD'),3);
Insert into GN.MP_BOARD (BNO,TITLE,CONTENT,WRITER,REGDATE,HIT) values (40,'dfdfdf','d','asd',to_date('20/02/19','RR/MM/DD'),1);
Insert into GN.MP_BOARD (BNO,TITLE,CONTENT,WRITER,REGDATE,HIT) values (8,'작성','내용','작성자',to_date('20/01/20','RR/MM/DD'),0);
Insert into GN.MP_BOARD (BNO,TITLE,CONTENT,WRITER,REGDATE,HIT) values (24,'토끼','토끼 다녀감','rabbit',to_date('20/01/21','RR/MM/DD'),3);
Insert into GN.MP_BOARD (BNO,TITLE,CONTENT,WRITER,REGDATE,HIT) values (26,'asdsa','dsadsad','asd',to_date('20/01/21','RR/MM/DD'),7);
Insert into GN.MP_BOARD (BNO,TITLE,CONTENT,WRITER,REGDATE,HIT) values (27,'gg','gg','asd',to_date('20/01/22','RR/MM/DD'),4);
Insert into GN.MP_BOARD (BNO,TITLE,CONTENT,WRITER,REGDATE,HIT) values (28,'dfgdfgfdg','dfgfdgdfg','asd',to_date('20/01/22','RR/MM/DD'),3);
Insert into GN.MP_BOARD (BNO,TITLE,CONTENT,WRITER,REGDATE,HIT) values (29,'fgf','fgfg','asd',to_date('20/01/22','RR/MM/DD'),1);
Insert into GN.MP_BOARD (BNO,TITLE,CONTENT,WRITER,REGDATE,HIT) values (31,'fgdfg','dfgdfg','asd',to_date('20/01/22','RR/MM/DD'),0);
Insert into GN.MP_BOARD (BNO,TITLE,CONTENT,WRITER,REGDATE,HIT) values (32,'sdsdsd','sds','asd',to_date('20/01/22','RR/MM/DD'),1);
Insert into GN.MP_BOARD (BNO,TITLE,CONTENT,WRITER,REGDATE,HIT) values (35,'12','12','asd',to_date('20/01/22','RR/MM/DD'),1);
Insert into GN.MP_BOARD (BNO,TITLE,CONTENT,WRITER,REGDATE,HIT) values (36,'dfdfdf','dfdfdfd','asd',to_date('20/01/22','RR/MM/DD'),1);
Insert into GN.MP_BOARD (BNO,TITLE,CONTENT,WRITER,REGDATE,HIT) values (38,'dfdfdfd','d','asd',to_date('20/01/22','RR/MM/DD'),8);
Insert into GN.MP_BOARD (BNO,TITLE,CONTENT,WRITER,REGDATE,HIT) values (33,'sdsd','sdsd','asd',to_date('20/01/22','RR/MM/DD'),3);
Insert into GN.MP_BOARD (BNO,TITLE,CONTENT,WRITER,REGDATE,HIT) values (34,'sdsd','sd','asd',to_date('20/01/22','RR/MM/DD'),2);
Insert into GN.MP_BOARD (BNO,TITLE,CONTENT,WRITER,REGDATE,HIT) values (37,'erer','erer','asd',to_date('20/01/22','RR/MM/DD'),1);
Insert into GN.MP_BOARD (BNO,TITLE,CONTENT,WRITER,REGDATE,HIT) values (23,'ccccccccccccccccccccccccccccccccccccccccccccc','cc','c',to_date('20/01/21','RR/MM/DD'),0);
REM INSERTING into GN.MP_FILE
SET DEFINE OFF;
Insert into GN.MP_FILE (FILE_NO,BNO,ORG_FILE_NAME,STORED_FILE_NAME,FILE_SIZE,REGDATE,DEL_GB) values (3,25,'rabbit.jpg','7004ee048e89406984a2fd36d93f8f99.jpg',35008,to_date('20/01/21','RR/MM/DD'),'N');
Insert into GN.MP_FILE (FILE_NO,BNO,ORG_FILE_NAME,STORED_FILE_NAME,FILE_SIZE,REGDATE,DEL_GB) values (13,39,'sql.txt','d0861adaca9144e4a28e39964a7f90c8.txt',8458,to_date('20/01/23','RR/MM/DD'),'Y');
Insert into GN.MP_FILE (FILE_NO,BNO,ORG_FILE_NAME,STORED_FILE_NAME,FILE_SIZE,REGDATE,DEL_GB) values (14,40,'5.PNG','fc73fa7021e24bb49872b22095cd1254.PNG',4223,to_date('20/02/19','RR/MM/DD'),'N');
Insert into GN.MP_FILE (FILE_NO,BNO,ORG_FILE_NAME,STORED_FILE_NAME,FILE_SIZE,REGDATE,DEL_GB) values (15,41,'eclipse.exe','5e9dfe2b9d184d568c4546f520dee9cd.exe',320008,to_date('20/02/19','RR/MM/DD'),'N');
Insert into GN.MP_FILE (FILE_NO,BNO,ORG_FILE_NAME,STORED_FILE_NAME,FILE_SIZE,REGDATE,DEL_GB) values (2,24,'rabbit.jpg','8b1607d2f5904282ac96f51d0c93b336.jpg',35008,to_date('20/01/21','RR/MM/DD'),'N');
Insert into GN.MP_FILE (FILE_NO,BNO,ORG_FILE_NAME,STORED_FILE_NAME,FILE_SIZE,REGDATE,DEL_GB) values (4,24,'7z1805-x64.exe','65bb59041dc746e88b8a828c93704171.exe',1438086,to_date('20/01/21','RR/MM/DD'),'N');
Insert into GN.MP_FILE (FILE_NO,BNO,ORG_FILE_NAME,STORED_FILE_NAME,FILE_SIZE,REGDATE,DEL_GB) values (5,26,'gnsoft~1.sql','20e3c8bd26804c0ea6e2cd65e8878d5c.sql',1945,to_date('20/01/21','RR/MM/DD'),'N');
Insert into GN.MP_FILE (FILE_NO,BNO,ORG_FILE_NAME,STORED_FILE_NAME,FILE_SIZE,REGDATE,DEL_GB) values (6,26,'gnsoft~1.sql','7293e078dcf145d3a3b44b113b4e2c9f.sql',1945,to_date('20/01/21','RR/MM/DD'),'Y');
Insert into GN.MP_FILE (FILE_NO,BNO,ORG_FILE_NAME,STORED_FILE_NAME,FILE_SIZE,REGDATE,DEL_GB) values (7,26,'gnsoft~1 - 복사본.sql','0a61a9a8929241c3b86e1027d7ce68e2.sql',1945,to_date('20/01/21','RR/MM/DD'),'Y');
Insert into GN.MP_FILE (FILE_NO,BNO,ORG_FILE_NAME,STORED_FILE_NAME,FILE_SIZE,REGDATE,DEL_GB) values (8,27,'새 텍스트 문서.txt','e27e15e13ae345a793138274ed9859f0.txt',14,to_date('20/01/22','RR/MM/DD'),'N');
Insert into GN.MP_FILE (FILE_NO,BNO,ORG_FILE_NAME,STORED_FILE_NAME,FILE_SIZE,REGDATE,DEL_GB) values (9,34,'새 텍스트 문서.txt','f00c63b03f3740579466312d826c9afb.txt',14,to_date('20/01/22','RR/MM/DD'),'N');
Insert into GN.MP_FILE (FILE_NO,BNO,ORG_FILE_NAME,STORED_FILE_NAME,FILE_SIZE,REGDATE,DEL_GB) values (10,35,'gnsoft~1 - 복사본.sql','f72744f483e6418abc0263c04c1202ff.sql',1945,to_date('20/01/22','RR/MM/DD'),'N');
Insert into GN.MP_FILE (FILE_NO,BNO,ORG_FILE_NAME,STORED_FILE_NAME,FILE_SIZE,REGDATE,DEL_GB) values (11,36,'1.PNG','b4098d64a8524909a2e8607b70900333.PNG',26096,to_date('20/01/22','RR/MM/DD'),'N');
Insert into GN.MP_FILE (FILE_NO,BNO,ORG_FILE_NAME,STORED_FILE_NAME,FILE_SIZE,REGDATE,DEL_GB) values (12,37,'시스템관리ERD.PNG','474b3b219ffa4c82be6469d5a5198966.PNG',131690,to_date('20/01/22','RR/MM/DD'),'N');
REM INSERTING into GN.MP_MEMBER
SET DEFINE OFF;
Insert into GN.MP_MEMBER (USERID,USERPASS,USERNAME,REGDATE) values ('test','$2a$10$OF4W.whPS/3XTZwAKwrsceXxIXeFMrSrVzfUxpMrh3QPzcs32ELM2','테스트',to_date('20/01/29','RR/MM/DD'));
Insert into GN.MP_MEMBER (USERID,USERPASS,USERNAME,REGDATE) values ('rabbit','$2a$10$2gYq10BTnQeLb1u8sE02p.6VqKzdqmWx1AdIe8HnFs6MLqdRe4M26','사자',to_date('20/01/21','RR/MM/DD'));
Insert into GN.MP_MEMBER (USERID,USERPASS,USERNAME,REGDATE) values ('asd','$2a$10$dIqQP4BPiG0nwAGANMCLl.1gMfbr1mVeXwj5vvPo4eo2/mQyCUCHK','ddd',to_date('20/01/21','RR/MM/DD'));
REM INSERTING into GN.MP_REPLY
SET DEFINE OFF;
Insert into GN.MP_REPLY (BNO,RNO,CONTENT,WRITER,REGDATE) values (20,2,'테스트댓글','테스트 작성자',to_date('20/01/20','RR/MM/DD'));
Insert into GN.MP_REPLY (BNO,RNO,CONTENT,WRITER,REGDATE) values (41,21,'sdsds','ddd',to_date('20/02/26','RR/MM/DD'));
Insert into GN.MP_REPLY (BNO,RNO,CONTENT,WRITER,REGDATE) values (20,3,'아이 앰 아이언맨','아이언맨',to_date('20/01/20','RR/MM/DD'));
REM INSERTING into GN.NOTICE_MANAGE
SET DEFINE OFF;
Insert into GN.NOTICE_MANAGE (NOTICE_NO,NOTICE_TITLE,NOTICE_WRITER,NOTICE_REGDATE,NOTICE_MODIFYDATE,NOTICE_CONTENT,MENU_CODE,NOTICE_MDWRITER) values (4,'일반게시판제목12','이명훈',to_date('20/02/05','RR/MM/DD'),to_date('20/03/16','RR/MM/DD'),'내용입니다.',1001,'fd');
Insert into GN.NOTICE_MANAGE (NOTICE_NO,NOTICE_TITLE,NOTICE_WRITER,NOTICE_REGDATE,NOTICE_MODIFYDATE,NOTICE_CONTENT,MENU_CODE,NOTICE_MDWRITER) values (49,'3','3',to_date('20/03/16','RR/MM/DD'),null,'3',1002,null);
Insert into GN.NOTICE_MANAGE (NOTICE_NO,NOTICE_TITLE,NOTICE_WRITER,NOTICE_REGDATE,NOTICE_MODIFYDATE,NOTICE_CONTENT,MENU_CODE,NOTICE_MDWRITER) values (47,'1','1',to_date('20/03/16','RR/MM/DD'),null,'1',1001,null);
Insert into GN.NOTICE_MANAGE (NOTICE_NO,NOTICE_TITLE,NOTICE_WRITER,NOTICE_REGDATE,NOTICE_MODIFYDATE,NOTICE_CONTENT,MENU_CODE,NOTICE_MDWRITER) values (48,'2','2',to_date('20/03/16','RR/MM/DD'),null,'2',1002,null);
Insert into GN.NOTICE_MANAGE (NOTICE_NO,NOTICE_TITLE,NOTICE_WRITER,NOTICE_REGDATE,NOTICE_MODIFYDATE,NOTICE_CONTENT,MENU_CODE,NOTICE_MDWRITER) values (50,'4','4',to_date('20/03/16','RR/MM/DD'),null,'4',1003,null);
Insert into GN.NOTICE_MANAGE (NOTICE_NO,NOTICE_TITLE,NOTICE_WRITER,NOTICE_REGDATE,NOTICE_MODIFYDATE,NOTICE_CONTENT,MENU_CODE,NOTICE_MDWRITER) values (51,'5','5',to_date('20/03/16','RR/MM/DD'),null,'5',1003,null);
Insert into GN.NOTICE_MANAGE (NOTICE_NO,NOTICE_TITLE,NOTICE_WRITER,NOTICE_REGDATE,NOTICE_MODIFYDATE,NOTICE_CONTENT,MENU_CODE,NOTICE_MDWRITER) values (53,'6','6',to_date('20/03/16','RR/MM/DD'),null,'6',1001,null);
Insert into GN.NOTICE_MANAGE (NOTICE_NO,NOTICE_TITLE,NOTICE_WRITER,NOTICE_REGDATE,NOTICE_MODIFYDATE,NOTICE_CONTENT,MENU_CODE,NOTICE_MDWRITER) values (54,'7','7',to_date('20/03/16','RR/MM/DD'),null,'7',1002,null);
Insert into GN.NOTICE_MANAGE (NOTICE_NO,NOTICE_TITLE,NOTICE_WRITER,NOTICE_REGDATE,NOTICE_MODIFYDATE,NOTICE_CONTENT,MENU_CODE,NOTICE_MDWRITER) values (55,'8','8',to_date('20/03/16','RR/MM/DD'),null,'8',1003,null);
Insert into GN.NOTICE_MANAGE (NOTICE_NO,NOTICE_TITLE,NOTICE_WRITER,NOTICE_REGDATE,NOTICE_MODIFYDATE,NOTICE_CONTENT,MENU_CODE,NOTICE_MDWRITER) values (56,'9','9',to_date('20/03/16','RR/MM/DD'),null,'9',1003,null);
Insert into GN.NOTICE_MANAGE (NOTICE_NO,NOTICE_TITLE,NOTICE_WRITER,NOTICE_REGDATE,NOTICE_MODIFYDATE,NOTICE_CONTENT,MENU_CODE,NOTICE_MDWRITER) values (57,'0','0',to_date('20/03/16','RR/MM/DD'),null,'0',1002,null);
Insert into GN.NOTICE_MANAGE (NOTICE_NO,NOTICE_TITLE,NOTICE_WRITER,NOTICE_REGDATE,NOTICE_MODIFYDATE,NOTICE_CONTENT,MENU_CODE,NOTICE_MDWRITER) values (58,'12gg','12',to_date('20/03/16','RR/MM/DD'),to_date('20/03/30','RR/MM/DD'),'12',2001,'ggg');
Insert into GN.NOTICE_MANAGE (NOTICE_NO,NOTICE_TITLE,NOTICE_WRITER,NOTICE_REGDATE,NOTICE_MODIFYDATE,NOTICE_CONTENT,MENU_CODE,NOTICE_MDWRITER) values (59,'ㅇㄴㅇㄴ','3',to_date('20/03/16','RR/MM/DD'),to_date('20/03/27','RR/MM/DD'),'1',1002,null);
Insert into GN.NOTICE_MANAGE (NOTICE_NO,NOTICE_TITLE,NOTICE_WRITER,NOTICE_REGDATE,NOTICE_MODIFYDATE,NOTICE_CONTENT,MENU_CODE,NOTICE_MDWRITER) values (5,'dddd','dddd',to_date('20/02/06','RR/MM/DD'),null,'ddd',1000,null);
Insert into GN.NOTICE_MANAGE (NOTICE_NO,NOTICE_TITLE,NOTICE_WRITER,NOTICE_REGDATE,NOTICE_MODIFYDATE,NOTICE_CONTENT,MENU_CODE,NOTICE_MDWRITER) values (72,'g','g',to_date('20/03/30','RR/MM/DD'),null,'g',2001,null);
--------------------------------------------------------
--  DDL for Index ADMIN_MANAGE_PK
--------------------------------------------------------

  CREATE UNIQUE INDEX "GN"."ADMIN_MANAGE_PK" ON "GN"."ADMIN_MANAGE" ("ADMIN_ID", "GROUP_NO") 
  PCTFREE 10 INITRANS 2 MAXTRANS 255 COMPUTE STATISTICS 
  STORAGE(INITIAL 65536 NEXT 1048576 MINEXTENTS 1 MAXEXTENTS 2147483645
  PCTINCREASE 0 FREELISTS 1 FREELIST GROUPS 1 BUFFER_POOL DEFAULT FLASH_CACHE DEFAULT CELL_FLASH_CACHE DEFAULT)
  TABLESPACE "USERS" ;
--------------------------------------------------------
--  DDL for Index AUTHORITY_MANAGE_PK
--------------------------------------------------------

  CREATE UNIQUE INDEX "GN"."AUTHORITY_MANAGE_PK" ON "GN"."AUTHORITY_MANAGE" ("GROUP_NO") 
  PCTFREE 10 INITRANS 2 MAXTRANS 255 COMPUTE STATISTICS 
  STORAGE(INITIAL 65536 NEXT 1048576 MINEXTENTS 1 MAXEXTENTS 2147483645
  PCTINCREASE 0 FREELISTS 1 FREELIST GROUPS 1 BUFFER_POOL DEFAULT FLASH_CACHE DEFAULT CELL_FLASH_CACHE DEFAULT)
  TABLESPACE "USERS" ;
--------------------------------------------------------
--  DDL for Index MENU_MANAGE_PK
--------------------------------------------------------

  CREATE UNIQUE INDEX "GN"."MENU_MANAGE_PK" ON "GN"."MENU_MANAGE" ("MENU_CODE") 
  PCTFREE 10 INITRANS 2 MAXTRANS 255 COMPUTE STATISTICS 
  STORAGE(INITIAL 65536 NEXT 1048576 MINEXTENTS 1 MAXEXTENTS 2147483645
  PCTINCREASE 0 FREELISTS 1 FREELIST GROUPS 1 BUFFER_POOL DEFAULT FLASH_CACHE DEFAULT CELL_FLASH_CACHE DEFAULT)
  TABLESPACE "USERS" ;
--------------------------------------------------------
--  DDL for Index NOTICE_MANAGE_PK
--------------------------------------------------------

  CREATE UNIQUE INDEX "GN"."NOTICE_MANAGE_PK" ON "GN"."NOTICE_MANAGE" ("NOTICE_NO", "MENU_CODE") 
  PCTFREE 10 INITRANS 2 MAXTRANS 255 COMPUTE STATISTICS 
  STORAGE(INITIAL 65536 NEXT 1048576 MINEXTENTS 1 MAXEXTENTS 2147483645
  PCTINCREASE 0 FREELISTS 1 FREELIST GROUPS 1 BUFFER_POOL DEFAULT FLASH_CACHE DEFAULT CELL_FLASH_CACHE DEFAULT)
  TABLESPACE "USERS" ;
--------------------------------------------------------
--  DDL for Index SYS_C0011065
--------------------------------------------------------

  CREATE UNIQUE INDEX "GN"."SYS_C0011065" ON "GN"."MP_BOARD" ("BNO") 
  PCTFREE 10 INITRANS 2 MAXTRANS 255 COMPUTE STATISTICS 
  STORAGE(INITIAL 65536 NEXT 1048576 MINEXTENTS 1 MAXEXTENTS 2147483645
  PCTINCREASE 0 FREELISTS 1 FREELIST GROUPS 1 BUFFER_POOL DEFAULT FLASH_CACHE DEFAULT CELL_FLASH_CACHE DEFAULT)
  TABLESPACE "USERS" ;
--------------------------------------------------------
--  DDL for Index SYS_C0011192
--------------------------------------------------------

  CREATE UNIQUE INDEX "GN"."SYS_C0011192" ON "GN"."MP_FILE" ("FILE_NO") 
  PCTFREE 10 INITRANS 2 MAXTRANS 255 COMPUTE STATISTICS 
  STORAGE(INITIAL 65536 NEXT 1048576 MINEXTENTS 1 MAXEXTENTS 2147483645
  PCTINCREASE 0 FREELISTS 1 FREELIST GROUPS 1 BUFFER_POOL DEFAULT FLASH_CACHE DEFAULT CELL_FLASH_CACHE DEFAULT)
  TABLESPACE "USERS" ;
--------------------------------------------------------
--  DDL for Index SYS_C0011186
--------------------------------------------------------

  CREATE UNIQUE INDEX "GN"."SYS_C0011186" ON "GN"."MP_MEMBER" ("USERID") 
  PCTFREE 10 INITRANS 2 MAXTRANS 255 COMPUTE STATISTICS 
  STORAGE(INITIAL 65536 NEXT 1048576 MINEXTENTS 1 MAXEXTENTS 2147483645
  PCTINCREASE 0 FREELISTS 1 FREELIST GROUPS 1 BUFFER_POOL DEFAULT FLASH_CACHE DEFAULT CELL_FLASH_CACHE DEFAULT)
  TABLESPACE "USERS" ;
--------------------------------------------------------
--  DDL for Index SYS_C0011158
--------------------------------------------------------

  CREATE UNIQUE INDEX "GN"."SYS_C0011158" ON "GN"."MP_REPLY" ("BNO", "RNO") 
  PCTFREE 10 INITRANS 2 MAXTRANS 255 COMPUTE STATISTICS 
  STORAGE(INITIAL 65536 NEXT 1048576 MINEXTENTS 1 MAXEXTENTS 2147483645
  PCTINCREASE 0 FREELISTS 1 FREELIST GROUPS 1 BUFFER_POOL DEFAULT FLASH_CACHE DEFAULT CELL_FLASH_CACHE DEFAULT)
  TABLESPACE "USERS" ;
--------------------------------------------------------
--  Constraints for Table ADMIN_MANAGE
--------------------------------------------------------

  ALTER TABLE "GN"."ADMIN_MANAGE" ADD CONSTRAINT "ADMIN_MANAGE_PK" PRIMARY KEY ("ADMIN_ID", "GROUP_NO")
  USING INDEX PCTFREE 10 INITRANS 2 MAXTRANS 255 COMPUTE STATISTICS 
  STORAGE(INITIAL 65536 NEXT 1048576 MINEXTENTS 1 MAXEXTENTS 2147483645
  PCTINCREASE 0 FREELISTS 1 FREELIST GROUPS 1 BUFFER_POOL DEFAULT FLASH_CACHE DEFAULT CELL_FLASH_CACHE DEFAULT)
  TABLESPACE "USERS"  ENABLE;
 
  ALTER TABLE "GN"."ADMIN_MANAGE" MODIFY ("ADMIN_ID" NOT NULL ENABLE);
 
  ALTER TABLE "GN"."ADMIN_MANAGE" MODIFY ("ADMIN_NAME" NOT NULL ENABLE);
 
  ALTER TABLE "GN"."ADMIN_MANAGE" MODIFY ("ADMIN_PWD" NOT NULL ENABLE);
 
  ALTER TABLE "GN"."ADMIN_MANAGE" MODIFY ("ADMIN_EMAIL" NOT NULL ENABLE);
 
  ALTER TABLE "GN"."ADMIN_MANAGE" MODIFY ("ADMIN_PHONE" NOT NULL ENABLE);
 
  ALTER TABLE "GN"."ADMIN_MANAGE" MODIFY ("USE_YN" NOT NULL ENABLE);
 
  ALTER TABLE "GN"."ADMIN_MANAGE" MODIFY ("GROUP_NAME" NOT NULL ENABLE);
 
  ALTER TABLE "GN"."ADMIN_MANAGE" MODIFY ("ADMIN_WRITER" NOT NULL ENABLE);
 
  ALTER TABLE "GN"."ADMIN_MANAGE" MODIFY ("ADMIN_REGDATE" NOT NULL ENABLE);
 
  ALTER TABLE "GN"."ADMIN_MANAGE" MODIFY ("GROUP_NO" NOT NULL ENABLE);
--------------------------------------------------------
--  Constraints for Table AUTHORITY_MANAGE
--------------------------------------------------------

  ALTER TABLE "GN"."AUTHORITY_MANAGE" ADD CONSTRAINT "AUTHORITY_MANAGE_PK" PRIMARY KEY ("GROUP_NO")
  USING INDEX PCTFREE 10 INITRANS 2 MAXTRANS 255 COMPUTE STATISTICS 
  STORAGE(INITIAL 65536 NEXT 1048576 MINEXTENTS 1 MAXEXTENTS 2147483645
  PCTINCREASE 0 FREELISTS 1 FREELIST GROUPS 1 BUFFER_POOL DEFAULT FLASH_CACHE DEFAULT CELL_FLASH_CACHE DEFAULT)
  TABLESPACE "USERS"  ENABLE;
 
  ALTER TABLE "GN"."AUTHORITY_MANAGE" MODIFY ("GROUP_NAME" NOT NULL ENABLE);
 
  ALTER TABLE "GN"."AUTHORITY_MANAGE" MODIFY ("GROUP_EXPLAIN" NOT NULL ENABLE);
 
  ALTER TABLE "GN"."AUTHORITY_MANAGE" MODIFY ("AUTH_WRITER" NOT NULL ENABLE);
 
  ALTER TABLE "GN"."AUTHORITY_MANAGE" MODIFY ("AUTH_REGDATE" NOT NULL ENABLE);
 
  ALTER TABLE "GN"."AUTHORITY_MANAGE" MODIFY ("GROUP_NO" NOT NULL ENABLE);
--------------------------------------------------------
--  Constraints for Table MENU_AUTHORITY_MANAGE
--------------------------------------------------------

  ALTER TABLE "GN"."MENU_AUTHORITY_MANAGE" MODIFY ("GROUP_NO" NOT NULL ENABLE);
 
  ALTER TABLE "GN"."MENU_AUTHORITY_MANAGE" MODIFY ("MENU_CODE" NOT NULL ENABLE);
 
  ALTER TABLE "GN"."MENU_AUTHORITY_MANAGE" MODIFY ("MENU_NAME" NOT NULL ENABLE);
--------------------------------------------------------
--  Constraints for Table MENU_MANAGE
--------------------------------------------------------

  ALTER TABLE "GN"."MENU_MANAGE" ADD CONSTRAINT "MENU_MANAGE_PK" PRIMARY KEY ("MENU_CODE")
  USING INDEX PCTFREE 10 INITRANS 2 MAXTRANS 255 COMPUTE STATISTICS 
  STORAGE(INITIAL 65536 NEXT 1048576 MINEXTENTS 1 MAXEXTENTS 2147483645
  PCTINCREASE 0 FREELISTS 1 FREELIST GROUPS 1 BUFFER_POOL DEFAULT FLASH_CACHE DEFAULT CELL_FLASH_CACHE DEFAULT)
  TABLESPACE "USERS"  ENABLE;
 
  ALTER TABLE "GN"."MENU_MANAGE" MODIFY ("MENU_CODE" NOT NULL ENABLE);
 
  ALTER TABLE "GN"."MENU_MANAGE" MODIFY ("MENU_NAME" NOT NULL ENABLE);
 
  ALTER TABLE "GN"."MENU_MANAGE" MODIFY ("MENU_EXPLAIN" NOT NULL ENABLE);
 
  ALTER TABLE "GN"."MENU_MANAGE" MODIFY ("USE_YN" NOT NULL ENABLE);
--------------------------------------------------------
--  Constraints for Table MP_BOARD
--------------------------------------------------------

  ALTER TABLE "GN"."MP_BOARD" MODIFY ("BNO" NOT NULL ENABLE);
 
  ALTER TABLE "GN"."MP_BOARD" MODIFY ("TITLE" NOT NULL ENABLE);
 
  ALTER TABLE "GN"."MP_BOARD" MODIFY ("CONTENT" NOT NULL ENABLE);
 
  ALTER TABLE "GN"."MP_BOARD" MODIFY ("WRITER" NOT NULL ENABLE);
 
  ALTER TABLE "GN"."MP_BOARD" ADD PRIMARY KEY ("BNO")
  USING INDEX PCTFREE 10 INITRANS 2 MAXTRANS 255 COMPUTE STATISTICS 
  STORAGE(INITIAL 65536 NEXT 1048576 MINEXTENTS 1 MAXEXTENTS 2147483645
  PCTINCREASE 0 FREELISTS 1 FREELIST GROUPS 1 BUFFER_POOL DEFAULT FLASH_CACHE DEFAULT CELL_FLASH_CACHE DEFAULT)
  TABLESPACE "USERS"  ENABLE;
--------------------------------------------------------
--  Constraints for Table MP_FILE
--------------------------------------------------------

  ALTER TABLE "GN"."MP_FILE" MODIFY ("BNO" NOT NULL ENABLE);
 
  ALTER TABLE "GN"."MP_FILE" MODIFY ("ORG_FILE_NAME" NOT NULL ENABLE);
 
  ALTER TABLE "GN"."MP_FILE" MODIFY ("STORED_FILE_NAME" NOT NULL ENABLE);
 
  ALTER TABLE "GN"."MP_FILE" MODIFY ("REGDATE" NOT NULL ENABLE);
 
  ALTER TABLE "GN"."MP_FILE" MODIFY ("DEL_GB" NOT NULL ENABLE);
 
  ALTER TABLE "GN"."MP_FILE" ADD PRIMARY KEY ("FILE_NO")
  USING INDEX PCTFREE 10 INITRANS 2 MAXTRANS 255 COMPUTE STATISTICS 
  STORAGE(INITIAL 65536 NEXT 1048576 MINEXTENTS 1 MAXEXTENTS 2147483645
  PCTINCREASE 0 FREELISTS 1 FREELIST GROUPS 1 BUFFER_POOL DEFAULT FLASH_CACHE DEFAULT CELL_FLASH_CACHE DEFAULT)
  TABLESPACE "USERS"  ENABLE;
--------------------------------------------------------
--  Constraints for Table MP_MEMBER
--------------------------------------------------------

  ALTER TABLE "GN"."MP_MEMBER" MODIFY ("USERID" NOT NULL ENABLE);
 
  ALTER TABLE "GN"."MP_MEMBER" MODIFY ("USERPASS" NOT NULL ENABLE);
 
  ALTER TABLE "GN"."MP_MEMBER" MODIFY ("USERNAME" NOT NULL ENABLE);
 
  ALTER TABLE "GN"."MP_MEMBER" ADD PRIMARY KEY ("USERID")
  USING INDEX PCTFREE 10 INITRANS 2 MAXTRANS 255 COMPUTE STATISTICS 
  STORAGE(INITIAL 65536 NEXT 1048576 MINEXTENTS 1 MAXEXTENTS 2147483645
  PCTINCREASE 0 FREELISTS 1 FREELIST GROUPS 1 BUFFER_POOL DEFAULT FLASH_CACHE DEFAULT CELL_FLASH_CACHE DEFAULT)
  TABLESPACE "USERS"  ENABLE;
--------------------------------------------------------
--  Constraints for Table MP_REPLY
--------------------------------------------------------

  ALTER TABLE "GN"."MP_REPLY" MODIFY ("BNO" NOT NULL ENABLE);
 
  ALTER TABLE "GN"."MP_REPLY" MODIFY ("RNO" NOT NULL ENABLE);
 
  ALTER TABLE "GN"."MP_REPLY" MODIFY ("CONTENT" NOT NULL ENABLE);
 
  ALTER TABLE "GN"."MP_REPLY" MODIFY ("WRITER" NOT NULL ENABLE);
 
  ALTER TABLE "GN"."MP_REPLY" ADD PRIMARY KEY ("BNO", "RNO")
  USING INDEX PCTFREE 10 INITRANS 2 MAXTRANS 255 COMPUTE STATISTICS 
  STORAGE(INITIAL 65536 NEXT 1048576 MINEXTENTS 1 MAXEXTENTS 2147483645
  PCTINCREASE 0 FREELISTS 1 FREELIST GROUPS 1 BUFFER_POOL DEFAULT FLASH_CACHE DEFAULT CELL_FLASH_CACHE DEFAULT)
  TABLESPACE "USERS"  ENABLE;
--------------------------------------------------------
--  Constraints for Table NOTICE_MANAGE
--------------------------------------------------------

  ALTER TABLE "GN"."NOTICE_MANAGE" ADD CONSTRAINT "NOTICE_MANAGE_PK" PRIMARY KEY ("NOTICE_NO", "MENU_CODE")
  USING INDEX PCTFREE 10 INITRANS 2 MAXTRANS 255 COMPUTE STATISTICS 
  STORAGE(INITIAL 65536 NEXT 1048576 MINEXTENTS 1 MAXEXTENTS 2147483645
  PCTINCREASE 0 FREELISTS 1 FREELIST GROUPS 1 BUFFER_POOL DEFAULT FLASH_CACHE DEFAULT CELL_FLASH_CACHE DEFAULT)
  TABLESPACE "USERS"  ENABLE;
 
  ALTER TABLE "GN"."NOTICE_MANAGE" MODIFY ("NOTICE_NO" NOT NULL ENABLE);
 
  ALTER TABLE "GN"."NOTICE_MANAGE" MODIFY ("NOTICE_TITLE" NOT NULL ENABLE);
 
  ALTER TABLE "GN"."NOTICE_MANAGE" MODIFY ("NOTICE_WRITER" NOT NULL ENABLE);
 
  ALTER TABLE "GN"."NOTICE_MANAGE" MODIFY ("NOTICE_REGDATE" NOT NULL ENABLE);
 
  ALTER TABLE "GN"."NOTICE_MANAGE" MODIFY ("NOTICE_CONTENT" NOT NULL ENABLE);
 
  ALTER TABLE "GN"."NOTICE_MANAGE" MODIFY ("MENU_CODE" NOT NULL ENABLE);
--------------------------------------------------------
--  Ref Constraints for Table ADMIN_MANAGE
--------------------------------------------------------

  ALTER TABLE "GN"."ADMIN_MANAGE" ADD CONSTRAINT "FK_ADMIN_MANAGE_GROUP_NO_AUTHO" FOREIGN KEY ("GROUP_NO")
	  REFERENCES "GN"."AUTHORITY_MANAGE" ("GROUP_NO") ENABLE;
--------------------------------------------------------
--  Ref Constraints for Table MENU_AUTHORITY_MANAGE
--------------------------------------------------------

  ALTER TABLE "GN"."MENU_AUTHORITY_MANAGE" ADD CONSTRAINT "FK_MENU_AUTHORITY_MANAGE_GROUP" FOREIGN KEY ("GROUP_NO")
	  REFERENCES "GN"."AUTHORITY_MANAGE" ("GROUP_NO") ENABLE;
 
  ALTER TABLE "GN"."MENU_AUTHORITY_MANAGE" ADD CONSTRAINT "MENU_AUTHORITY_MANAGE_FK" FOREIGN KEY ("MENU_CODE")
	  REFERENCES "GN"."MENU_MANAGE" ("MENU_CODE") ON DELETE CASCADE ENABLE;
--------------------------------------------------------
--  Ref Constraints for Table MP_REPLY
--------------------------------------------------------

  ALTER TABLE "GN"."MP_REPLY" ADD CONSTRAINT "MP_REPLY_BNO" FOREIGN KEY ("BNO")
	  REFERENCES "GN"."MP_BOARD" ("BNO") ENABLE;
